Rank;Sourceid;Title;Type;Issn;SJR;SJR Quartile;H index;Total Docs. (2022);Total Docs. (3years);Total Refs.;Total Cites (3years);Citable Docs. (3years);Cites / Doc. (2years);Ref. / Doc.;Country;Region;Publisher;Coverage;Categories;Areas
1;22951;Journal of Marketing;journal;15477185, 00222429;10,802;Q1;268;58;172;4136;2659;149;12,42;71,31;United States;Northern America;American Marketing Association;1969, 1971, 1973, 1977, 1979-1981, 1995-2022;"Business and International Management (Q1); Economics and Econometrics (Q1); Marketing (Q1)";"Business, Management and Accounting; Economics, Econometrics and Finance"
2;23714;Marketing Science;journal;07322399, 1526548X;7,593;Q1;145;59;169;2478;1141;163;5,08;42;United States;Northern America;INFORMS Institute for Operations Research and the Management Sciences;1996-2022;"Business and International Management (Q1); Economics and Econometrics (Q1); Marketing (Q1)";"Business, Management and Accounting; Economics, Econometrics and Finance"
3;22961;Journal of Marketing Research;journal;00222437, 15477193;7,415;Q1;192;71;180;4405;1511;177;6,13;62,04;United States;Northern America;American Marketing Association;1968, 1995-2022;"Business and International Management (Q1); Economics and Econometrics (Q1); Marketing (Q1)";"Business, Management and Accounting; Economics, Econometrics and Finance"
4;24385;Journal of the Academy of Marketing Science;journal;00920703, 15527824;6,248;Q1;194;87;190;7986;3386;174;19,94;91,79;United States;Northern America;Springer New York;1973-2022;"Business and International Management (Q1); Economics and Econometrics (Q1); Marketing (Q1)";"Business, Management and Accounting; Economics, Econometrics and Finance"
5;22899;Journal of Consumer Research;journal;00935301, 15375277;6,024;Q1;210;36;176;2732;1524;174;6,82;75,89;United Kingdom;Western Europe;Oxford University Press;1977-1978, 1984, 1996-2022;"Anthropology (Q1); Arts and Humanities (miscellaneous) (Q1); Business and International Management (Q1); Economics and Econometrics (Q1); Marketing (Q1)";"Arts and Humanities; Business, Management and Accounting; Economics, Econometrics and Finance; Social Sciences"
6;15631;International Journal of Information Management;journal;2684012;4,906;Q1;152;88;546;9622;13606;529;24,41;109,34;United Kingdom;Western Europe;Elsevier Ltd.;1970, 1986-2023;"Artificial Intelligence (Q1); Computer Networks and Communications (Q1); Information Systems (Q1); Information Systems and Management (Q1); Library and Information Sciences (Q1); Management Information Systems (Q1); Marketing (Q1)";"Business, Management and Accounting; Computer Science; Decision Sciences; Social Sciences"
7;4700152287;Academy of Management Perspectives;journal;15589080;4,84;Q1;148;25;103;2499;938;99;9,28;99,96;United States;Northern America;Academy of Management;2006-2022;"Business and International Management (Q1); Marketing (Q1); Strategy and Management (Q1)";Business, Management and Accounting
8;22928;Journal of Interactive Marketing;journal;10949968, 15206653;4,092;Q1;120;33;100;2564;1398;100;13,62;77,7;United States;Northern America;SAGE Publications Inc.;1997-2022;"Business and International Management (Q1); Marketing (Q1)";Business, Management and Accounting
9;100147317;Journal of Supply Chain Management;journal;15232409, 1745493X;4,009;Q1;104;22;56;2133;634;53;12,58;96,95;United States;Northern America;Wiley-Blackwell;1999-2022;"Economics, Econometrics and Finance (miscellaneous) (Q1); Information Systems (Q1); Management Information Systems (Q1); Marketing (Q1)";"Business, Management and Accounting; Computer Science; Economics, Econometrics and Finance"
10;22833;International Journal of Research in Marketing;journal;1678116;3,896;Q1;115;73;151;5914;1359;144;7,5;81,01;Netherlands;Western Europe;Elsevier;1984-2022;Marketing (Q1);Business, Management and Accounting
11;22990;Journal of Retailing;journal;224359;3,787;Q1;153;47;126;3397;1295;105;10,02;72,28;United Kingdom;Western Europe;Elsevier BV;1993-2022;Marketing (Q1);Business, Management and Accounting
12;30718;Annals of Tourism Research;journal;1607383;3,426;Q1;201;145;543;8292;6447;529;11,74;57,19;United Kingdom;Western Europe;Elsevier Ltd.;1973-2022;"Business and International Management (Q1); Development (Q1); Marketing (Q1); Tourism, Leisure and Hospitality Management (Q1)";"Business, Management and Accounting; Social Sciences"
13;15823;Journal of Public Administration Research and Theory;journal;14779803, 10531858;3,337;Q1;129;35;127;2892;817;126;5,47;82,63;United Kingdom;Western Europe;Oxford University Press;1991-2022;"Marketing (Q1); Public Administration (Q1); Sociology and Political Science (Q1)";"Business, Management and Accounting; Social Sciences"
14;17167;Public Administration Review;journal;00333352, 15406210;3,311;Q1;163;128;328;7884;2512;270;8,3;61,59;United Kingdom;Western Europe;Wiley-Blackwell;1978-1983, 1985, 1988, 1996-2022;"Marketing (Q1); Public Administration (Q1); Sociology and Political Science (Q1)";"Business, Management and Accounting; Social Sciences"
15;21100781509;Journal of Public Policy and Marketing;journal;07439156, 15477207;3,263;Q1;85;29;113;1718;815;85;6,7;59,24;United States;Northern America;American Marketing Association;1995-2022;"Business and International Management (Q1); Economics and Econometrics (Q1); Marketing (Q1)";"Business, Management and Accounting; Economics, Econometrics and Finance"
16;29400;Journal of World Business;journal;10909516;3,245;Q1;132;64;169;7276;1823;164;10,43;113,69;United States;Northern America;Elsevier Inc.;1997-2023;"Business and International Management (Q1); Finance (Q1); Marketing (Q1)";"Business, Management and Accounting; Economics, Econometrics and Finance"
17;28181;Journal of Consumer Psychology;journal;15327663, 10577408;2,978;Q1;130;62;158;3544;842;151;4,69;57,16;United States;Northern America;"John Wiley &amp; Sons Inc.";1992-2022;"Applied Psychology (Q1); Marketing (Q1)";"Business, Management and Accounting; Psychology"
18;20550;Journal of Business Research;journal;1482963;2,895;Q1;236;945;2331;91165;32690;2283;13,44;96,47;United States;Northern America;Elsevier Inc.;1973-2023;Marketing (Q1);Business, Management and Accounting
19;19700201414;Journal of Research in Interactive Marketing;journal;20407122;2,833;Q1;50;58;90;3761;1112;90;13,58;64,84;United Kingdom;Western Europe;Emerald Group Publishing Ltd.;2010-2022;Marketing (Q1);Business, Management and Accounting
20;22792;Industrial Marketing Management;journal;198501;2,658;Q1;161;240;675;22951;7206;622;10,66;95,63;United States;Northern America;Elsevier Inc.;1971-2022;Marketing (Q1);Business, Management and Accounting
21;21100932830;Journal of Innovation and Knowledge;journal;2444569X, 25307614;2,649;Q1;39;118;93;9020;1727;93;20,31;76,44;Netherlands;Western Europe;Elsevier BV;2016-2022;"Business and International Management (Q1); Economics and Econometrics (Q1); Management of Technology and Innovation (Q1); Marketing (Q1)";"Business, Management and Accounting; Economics, Econometrics and Finance"
22;28179;Journal of Advertising;journal;15577805, 00913367;2,606;Q1;126;72;132;5013;1104;120;6,97;69,63;United States;Northern America;M.E. Sharpe Inc.;1972-2022;"Business and International Management (Q1); Communication (Q1); Marketing (Q1)";"Business, Management and Accounting; Social Sciences"
23;22992;Journal of Retailing and Consumer Services;journal;9696989;2,543;Q1;120;339;967;28336;12434;958;12,4;83,59;United Kingdom;Western Europe;Elsevier Ltd.;1994-2023;Marketing (Q1);Business, Management and Accounting
24;19700183600;Journal of Hospitality Marketing and Management;journal;19368631, 19368623;2,52;Q1;67;45;139;4040;1920;135;15,12;89,78;United States;Northern America;Routledge;2010-2022;"Management Information Systems (Q1); Marketing (Q1); Tourism, Leisure and Hospitality Management (Q1)";Business, Management and Accounting
25;21100886545;Journal of Interactive Advertising;journal;15252019;2,505;Q1;15;22;62;1623;653;57;5,84;73,77;United Kingdom;Western Europe;Taylor and Francis Ltd.;2018-2022;"Communication (Q1); Marketing (Q1)";"Business, Management and Accounting; Social Sciences"
26;20209;Business Horizons;journal;76813;2,475;Q1;106;71;230;2736;2511;174;8,48;38,54;United Kingdom;Western Europe;Elsevier Ltd.;1957-2022;"Business and International Management (Q1); Marketing (Q1)";Business, Management and Accounting
27;23665;International Business Review;journal;9695931;2,455;Q1;114;98;256;9895;2611;254;10,3;100,97;United Kingdom;Western Europe;Elsevier Ltd.;1993-2022;"Business and International Management (Q1); Finance (Q1); Marketing (Q1)";"Business, Management and Accounting; Economics, Econometrics and Finance"
28;14812;Journal of Travel and Tourism Marketing;journal;10548408, 15407306;2,126;Q1;95;36;202;3149;2014;199;7,72;87,47;United States;Northern America;Routledge;1992-2022;"Marketing (Q1); Tourism, Leisure and Hospitality Management (Q1)";Business, Management and Accounting
29;22972;Journal of Purchasing and Supply Management;journal;14784092;2,092;Q1;95;33;119;3159;1030;111;6,33;95,73;United Kingdom;Western Europe;Elsevier Ltd.;2003-2022;"Marketing (Q1); Strategy and Management (Q1)";Business, Management and Accounting
30;22944;Journal of International Marketing;journal;15477215, 1069031X;2,088;Q1;102;26;64;2276;431;58;5,42;87,54;United States;Northern America;American Marketing Association;1995-2022;"Business and International Management (Q1); Economics and Econometrics (Q1); Marketing (Q1)";"Business, Management and Accounting; Economics, Econometrics and Finance"
31;14014;Psychology and Marketing;journal;07426046, 15206793;2,083;Q1;133;152;358;13813;2645;349;7,61;90,88;United States;Northern America;Wiley-Liss Inc.;1984-2022;"Applied Psychology (Q1); Marketing (Q1)";"Business, Management and Accounting; Psychology"
32;10600153348;International Journal of Advertising;journal;17593948, 02650487;2,081;Q1;74;105;201;7772;1518;178;8,22;74,02;United Kingdom;Western Europe;Taylor and Francis Ltd.;1982-2022;"Communication (Q1); Marketing (Q1)";"Business, Management and Accounting; Social Sciences"
33;21100228536;Journal of Destination Marketing and Management;journal;2212571X;1,936;Q1;63;42;283;3831;2909;281;10,11;91,21;United Kingdom;Western Europe;Elsevier Ltd.;2012-2022;"Business and International Management (Q1); Marketing (Q1); Strategy and Management (Q1); Tourism, Leisure and Hospitality Management (Q1)";Business, Management and Accounting
34;17700155010;Australasian Marketing Journal;journal;14413582, 18393349;1,811;Q1;49;57;128;3729;1206;118;7,69;65,42;Australia;Pacific Region;SAGE Publications Ltd;2003-2022;"Economics and Econometrics (Q1); Marketing (Q1)";"Business, Management and Accounting; Economics, Econometrics and Finance"
35;5700167235;International Journal of Consumer Studies;journal;14706423, 14706431;1,753;Q1;88;154;180;17814;1954;179;12;115,68;United Kingdom;Western Europe;Wiley-Blackwell Publishing Ltd;2001-2022;"Applied Psychology (Q1); Economics and Econometrics (Q1); Marketing (Q1); Public Health, Environmental and Occupational Health (Q1)";"Business, Management and Accounting; Economics, Econometrics and Finance; Medicine; Psychology"
36;16051;American Review of Public Administration;journal;15523357, 02750740;1,745;Q1;69;36;190;2917;1143;186;6,25;81,03;United States;Northern America;SAGE Publications Inc.;1967-1983, 1987-2022;"Marketing (Q1); Public Administration (Q1); Sociology and Political Science (Q1)";"Business, Management and Accounting; Social Sciences"
37;16800154723;Marketing Theory;journal;14705931, 1741301X;1,693;Q1;77;45;91;3712;432;78;4,23;82,49;United Kingdom;Western Europe;SAGE Publications Ltd;2001-2022;Marketing (Q1);Business, Management and Accounting
38;21101041413;AMS Review;journal;18698182, 1869814X;1,687;Q1;25;27;93;1450;502;60;6,3;53,7;United States;Northern America;Springer New York;2011-2022;Marketing (Q1);Business, Management and Accounting
39;23687;Marketing Letters;journal;1573059X, 09230645;1,672;Q1;80;66;104;2061;442;99;3,83;31,23;United States;Northern America;Springer New York;1989-2022;"Business and International Management (Q1); Economics and Econometrics (Q1); Marketing (Q1)";"Business, Management and Accounting; Economics, Econometrics and Finance"
40;19700187623;Journal of Marketing Management;journal;0267257X, 14721376;1,664;Q1;82;116;230;10589;1400;198;5,26;91,28;United Kingdom;Western Europe;Taylor and Francis Ltd.;1985-1997, 2001, 2006, 2008-2022;"Marketing (Q1); Strategy and Management (Q1)";Business, Management and Accounting
41;22199;European Journal of Marketing;journal;3090566;1,63;Q1;146;149;368;13415;2615;355;4,66;90,03;United Kingdom;Western Europe;Emerald Group Publishing Ltd.;1967-2022;Marketing (Q1);Business, Management and Accounting
42;130049;Journal of Services Marketing;journal;8876045;1,577;Q1;119;85;232;6961;1426;224;5,02;81,89;United Kingdom;Western Europe;Emerald Group Publishing Ltd.;1987-2022;Marketing (Q1);Business, Management and Accounting
43;19600157911;Electronic Markets;journal;14228890, 10196781;1,545;Q1;49;132;166;12196;1526;140;9,52;92,39;Germany;Western Europe;Springer Verlag;2009-2022;"Business and International Management (Q1); Computer Science Applications (Q1); Economics and Econometrics (Q1); Management of Technology and Innovation (Q1); Marketing (Q1)";"Business, Management and Accounting; Computer Science; Economics, Econometrics and Finance"
44;12100156754;Sport Management Review;journal;14413523;1,513;Q1;70;58;164;4026;1065;163;5,8;69,41;United Kingdom;Western Europe;Taylor and Francis Ltd.;1998-2022;"Business and International Management (Q1); Management Science and Operations Research (Q1); Marketing (Q1); Organizational Behavior and Human Resource Management (Q1); Sports Science (Q1); Strategy and Management (Q1); Tourism, Leisure and Hospitality Management (Q1)";"Business, Management and Accounting; Decision Sciences; Health Professions"
45;144981;Quantitative Marketing and Economics;journal;15707156, 1573711X;1,437;Q1;37;12;38;537;52;38;1,42;44,75;Netherlands;Western Europe;Kluwer Academic Publishers;2005-2022;"Economics, Econometrics and Finance (miscellaneous) (Q1); Marketing (Q1)";"Business, Management and Accounting; Economics, Econometrics and Finance"
46;29139;Public Relations Review;journal;3638111;1,432;Q1;96;84;282;6617;1502;280;4,7;78,77;Netherlands;Western Europe;Elsevier BV;1975-2022;"Communication (Q1); Marketing (Q1); Organizational Behavior and Human Resource Management (Q1)";"Business, Management and Accounting; Social Sciences"
47;144666;Journal of Product and Brand Management;journal;10610421;1,427;Q1;97;96;217;9108;1576;209;7,1;94,88;United Kingdom;Western Europe;Emerald Group Publishing Ltd.;1992-2022;"Management of Technology and Innovation (Q1); Marketing (Q1); Strategy and Management (Q1)";Business, Management and Accounting
48;22965;Journal of Personal Selling and Sales Management;journal;15577813, 08853134;1,372;Q1;75;38;74;2974;369;68;4,25;78,26;United Kingdom;Western Europe;Taylor and Francis Ltd.;1981-2022;"Business and International Management (Q1); Human Factors and Ergonomics (Q1); Management of Technology and Innovation (Q1); Marketing (Q1)";"Business, Management and Accounting; Social Sciences"
49;22839;International Marketing Review;journal;2651335;1,309;Q1;103;78;167;7721;1096;159;5,95;98,99;United Kingdom;Western Europe;Emerald Group Publishing Ltd.;1983-2022;"Business and International Management (Q1); Economics and Econometrics (Q1); Marketing (Q1)";"Business, Management and Accounting; Economics, Econometrics and Finance"
50;15057;Electronic Commerce Research and Applications;journal;15674223;1,307;Q1;91;93;251;6466;2076;251;6,81;69,53;Netherlands;Western Europe;Elsevier;2002-2022;"Computer Networks and Communications (Q1); Computer Science Applications (Q1); Management of Technology and Innovation (Q1); Marketing (Q1)";"Business, Management and Accounting; Computer Science"
51;19088;Governance;journal;09521895, 14680491;1,305;Q1;88;94;148;5720;598;148;3,4;60,85;United Kingdom;Western Europe;Wiley-Blackwell Publishing Ltd;1988-2022;"Marketing (Q1); Public Administration (Q1); Sociology and Political Science (Q1)";"Business, Management and Accounting; Social Sciences"
52;19700190346;Consumption Markets and Culture;journal;10253866, 1477223X;1,281;Q1;36;42;104;3114;355;101;3,16;74,14;United States;Northern America;Routledge;2003, 2007, 2010-2022;"Anthropology (Q1); Economics and Econometrics (Q1); Marketing (Q1); Social Psychology (Q1)";"Business, Management and Accounting; Economics, Econometrics and Finance; Psychology; Social Sciences"
53;22920;Journal of Fashion Marketing and Management;journal;13612026;1,271;Q1;61;75;112;5248;793;110;5,8;69,97;United Kingdom;Western Europe;Emerald Group Publishing Ltd.;1996-2022;"Business and International Management (Q1); Marketing (Q1)";Business, Management and Accounting
54;16032;Administration and Society;journal;00953997, 15523039;1,238;Q2;72;82;189;5804;665;175;2,63;70,78;United States;Northern America;SAGE Publications Inc.;1969-2022;"Public Administration (Q1); Sociology and Political Science (Q1); Marketing (Q2)";"Business, Management and Accounting; Social Sciences"
55;21101021052;Journal of the Association for Consumer Research;journal;23781823, 23781815;1,2;Q2;24;50;135;2102;313;123;2,46;42,04;United States;Northern America;University of Chicago Press;2016-2022;"Applied Psychology (Q1); Economics and Econometrics (Q1); Marketing (Q2)";"Business, Management and Accounting; Economics, Econometrics and Finance; Psychology"
56;144670;Marketing Intelligence and Planning;journal;2634503;1,15;Q2;80;66;186;4115;1103;185;5,57;62,35;United Kingdom;Western Europe;Emerald Group Publishing Ltd.;1983-2022;Marketing (Q2);Business, Management and Accounting
57;21100286445;Journal of Current Issues and Research in Advertising;journal;10641734, 21647313;1,141;Q2;40;27;62;2175;271;61;3,89;80,56;United Kingdom;Western Europe;Taylor and Francis Ltd.;1992-2010, 2012-2022;Marketing (Q2);Business, Management and Accounting
58;21101074921;Annals of Tourism Research Empirical Insights;journal;26669579;1,096;Q2;8;47;27;2362;127;27;4,7;50,26;Netherlands;Western Europe;Elsevier BV;2020-2022;"Geography, Planning and Development (Q1); Sociology and Political Science (Q1); Tourism, Leisure and Hospitality Management (Q1); Marketing (Q2)";"Business, Management and Accounting; Social Sciences"
59;21100465205;European Research on Management and Business Economics;journal;24448834;1,095;Q2;27;30;69;3012;557;69;7,36;100,4;Spain;Western Europe;European Academy of Management and Business Economics;2016-2023;"Business and International Management (Q1); Economics and Econometrics (Q1); Strategy and Management (Q1); Marketing (Q2)";"Business, Management and Accounting; Economics, Econometrics and Finance"
60;17700156769;Journal of Brand Management;journal;14791803, 1350231X;1,09;Q2;62;44;140;4406;845;137;5,68;100,14;United Kingdom;Western Europe;Palgrave Macmillan Ltd.;2005, 2008-2022;"Strategy and Management (Q1); Marketing (Q2)";Business, Management and Accounting
61;145229;International Journal of Bank Marketing;journal;2652323;1,088;Q2;96;72;225;7225;1830;221;6,73;100,35;United Kingdom;Western Europe;Emerald Group Publishing Ltd.;1983-2022;Marketing (Q2);Business, Management and Accounting
62;28180;Journal of Advertising Research;journal;00218499, 17401909;1,041;Q2;94;29;113;1714;333;97;2,46;59,1;United Kingdom;Western Europe;The Advertising Research Foundation;1972, 1996-2022;"Communication (Q1); Marketing (Q2)";"Business, Management and Accounting; Social Sciences"
63;21100830431;Service Science;journal;21643970, 21643962;1,016;Q2;21;15;45;925;149;44;2,41;61,67;United States;Northern America;INFORMS Institute for Operations Research and the Management Sciences;2015-2022;"Business and International Management (Q1); Management Science and Operations Research (Q1); Modeling and Simulation (Q1); Marketing (Q2)";"Business, Management and Accounting; Decision Sciences; Mathematics"
64;22954;Journal of Marketing Communications;journal;14664445, 13527266;1,012;Q2;56;81;141;6536;692;141;4,56;80,69;United Kingdom;Western Europe;Routledge;1995-2022;"Business and International Management (Q1); Marketing (Q2)";Business, Management and Accounting
65;21100395911;Asia Pacific Journal of Marketing and Logistics;journal;13555855, 17584248;0,994;Q2;57;190;269;14015;1718;264;6,1;73,76;United Kingdom;Western Europe;Emerald Group Publishing Ltd.;1993-2022;"Business and International Management (Q1); Strategy and Management (Q1); Marketing (Q2)";Business, Management and Accounting
66;144921;International Journal of Retail and Distribution Management;journal;9590552;0,986;Q2;94;89;233;6738;1406;230;5,5;75,71;United Kingdom;Western Europe;Emerald Group Publishing Ltd.;1990-2022;"Business and International Management (Q1); Tourism, Leisure and Hospitality Management (Q1); Marketing (Q2)";Business, Management and Accounting
67;21100778661;European Journal of Management and Business Economics;journal;24448451, 24448494;0,905;Q2;25;41;67;3154;383;65;4,59;76,93;United Kingdom;Western Europe;Emerald Group Publishing Ltd.;2016-2022;"Business and International Management (Q1); Finance (Q1); Strategy and Management (Q1); Tourism, Leisure and Hospitality Management (Q1); Marketing (Q2); Organizational Behavior and Human Resource Management (Q2)";"Business, Management and Accounting; Economics, Econometrics and Finance"
68;5000153402;Journal of Marketing Theory and Practice;journal;10696679;0,898;Q2;56;59;99;5524;408;97;3,54;93,63;United Kingdom;Western Europe;Taylor and Francis Ltd.;2005-2022;Marketing (Q2);Business, Management and Accounting
69;17900156718;Journal of Strategic Marketing;journal;0965254X, 14664488;0,898;Q2;61;90;192;6933;968;190;4,71;77,03;United Kingdom;Western Europe;Routledge;1984, 1993-2022;"Strategy and Management (Q1); Marketing (Q2)";Business, Management and Accounting
70;22236;Journal of the Operational Research Society;journal;01605682, 14769360;0,891;Q2;120;292;503;13447;1884;495;3,95;46,05;United Kingdom;Western Europe;Taylor and Francis Ltd.;1978-2022;"Management Information Systems (Q1); Management Science and Operations Research (Q1); Modeling and Simulation (Q1); Marketing (Q2); Statistics, Probability and Uncertainty (Q2); Strategy and Management (Q2)";"Business, Management and Accounting; Decision Sciences; Mathematics"
71;21100853526;ACM Transactions on Economics and Computation;journal;21678375, 21678383;0,888;Q2;19;5;68;181;170;64;1,47;36,2;United States;Northern America;Association for Computing Machinery (ACM);2013-2022;"Computer Science (miscellaneous) (Q1); Statistics and Probability (Q1); Computational Mathematics (Q2); Economics and Econometrics (Q2); Marketing (Q2)";"Business, Management and Accounting; Computer Science; Economics, Econometrics and Finance; Mathematics"
72;4700152756;Journal of Relationship Marketing;journal;15332675, 15332667;0,888;Q2;29;13;43;1081;238;43;6,7;83,15;United States;Northern America;Routledge;2002-2022;Marketing (Q2);Business, Management and Accounting
73;5700161512;Journal of Consumer Culture;journal;14695405, 17412900;0,886;Q2;61;81;111;4581;349;108;3,39;56,56;United Kingdom;Western Europe;SAGE Publications Ltd;2001-2022;"Arts and Humanities (miscellaneous) (Q1); Business and International Management (Q1); Sociology and Political Science (Q1); Economics and Econometrics (Q2); Marketing (Q2); Social Psychology (Q2)";"Arts and Humanities; Business, Management and Accounting; Economics, Econometrics and Finance; Psychology; Social Sciences"
74;21100855756;Spanish Journal of Marketing - ESIC;journal;24449709, 24449695;0,876;Q2;23;28;62;1877;351;62;5,83;67,04;Spain;Western Europe;Emerald Group Publishing Ltd.;2016-2022;Marketing (Q2);Business, Management and Accounting
75;21100435972;Journal of Global Fashion Marketing;journal;20932685, 23254483;0,858;Q2;27;27;73;1397;305;73;4,26;51,74;United Kingdom;Western Europe;Taylor and Francis Ltd.;2010-2022;"Cultural Studies (Q1); Management of Technology and Innovation (Q2); Marketing (Q2); Strategy and Management (Q2)";"Business, Management and Accounting; Social Sciences"
76;22893;Journal of Business and Industrial Marketing;journal;8858624;0,851;Q2;78;208;504;19823;2209;488;4,08;95,3;United Kingdom;Western Europe;Emerald Group Publishing Ltd.;1986-2022;"Business and International Management (Q1); Marketing (Q2)";Business, Management and Accounting
77;22925;Journal of Global Marketing;journal;08911762, 15286975;0,849;Q2;38;25;79;2321;315;70;3,88;92,84;United States;Northern America;Routledge;1987-2022;"Business and International Management (Q1); Marketing (Q2)";Business, Management and Accounting
78;22897;Journal of Consumer Marketing;journal;7363761;0,845;Q2;113;64;235;5042;890;235;3,3;78,78;United Kingdom;Western Europe;Emerald Group Publishing Ltd.;1984-2022;"Business and International Management (Q1); Marketing (Q2)";Business, Management and Accounting
79;21100446531;Journal of Entrepreneurship in Emerging Economies;journal;20534604, 20534612;0,824;Q2;28;126;127;12131;768;127;5,87;96,28;United Kingdom;Western Europe;Emerald Group Publishing Ltd.;2014-2022;"Business and International Management (Q1); Economics, Econometrics and Finance (miscellaneous) (Q1); Marketing (Q2); Strategy and Management (Q2)";"Business, Management and Accounting; Economics, Econometrics and Finance"
80;19713;Journal of High Technology Management Research;journal;10478310;0,823;Q2;53;8;44;592;251;44;4,75;74;United Kingdom;Western Europe;Elsevier BV;1990-2022;"Computer Science Applications (Q2); Information Systems and Management (Q2); Management of Technology and Innovation (Q2); Marketing (Q2); Strategy and Management (Q2)";"Business, Management and Accounting; Computer Science; Decision Sciences"
81;144958;Journal of Macromarketing;journal;2761467;0,82;Q2;62;46;120;3962;427;111;3,47;86,13;United States;Northern America;SAGE Publications Inc.;1981-2022;Marketing (Q2);Business, Management and Accounting
82;25524;Social Marketing Quarterly;journal;15394093, 15245004;0,817;Q2;33;21;71;942;256;62;3,14;44,86;United States;Northern America;SAGE Publications Inc.;1994-2022;"Economics and Econometrics (Q2); Marketing (Q2)";"Business, Management and Accounting; Economics, Econometrics and Finance"
83;4700152295;Journal of Promotion Management;journal;10496491;0,807;Q2;37;61;146;4810;630;144;4,37;78,85;United Kingdom;Western Europe;Taylor and Francis Ltd.;1992-1997, 1999-2002, 2004, 2006-2022;Marketing (Q2);Business, Management and Accounting
84;21100834347;Journal of Marketing Analytics;journal;20503318, 20503326;0,792;Q2;16;75;69;5107;349;58;3,73;68,09;Switzerland;Western Europe;Springer International Publishing AG;2013-2022;"Economics, Econometrics and Finance (miscellaneous) (Q1); Marketing (Q2); Statistics, Probability and Uncertainty (Q2); Strategy and Management (Q2)";"Business, Management and Accounting; Decision Sciences; Economics, Econometrics and Finance"
85;22819;International Journal of Market Research;journal;25152173, 14707853;0,771;Q2;61;50;161;3062;562;141;3,49;61,24;United Kingdom;Western Europe;Market Research Society;1996-2022;"Business and International Management (Q2); Economics and Econometrics (Q2); Marketing (Q2)";"Business, Management and Accounting; Economics, Econometrics and Finance"
86;144957;Journal of Marketing Education;journal;02734753, 15526550;0,743;Q2;63;33;76;2340;294;67;2,93;70,91;United States;Northern America;SAGE Publications Inc.;1979-2022;"Education (Q1); Marketing (Q2)";"Business, Management and Accounting; Social Sciences"
87;4700152801;Journal of International Consumer Marketing;journal;08961530, 15287068;0,734;Q2;53;50;99;4221;438;94;4,97;84,42;United States;Northern America;Routledge;1988-1993, 1995-2022;"Management Information Systems (Q1); Marketing (Q2)";Business, Management and Accounting
88;3900148211;International Journal of Integrated Supply Management;journal;14775360, 17418097;0,718;Q2;22;18;49;1467;193;48;4,33;81,5;United Kingdom;Western Europe;Inderscience Enterprises Ltd.;2005-2022;"Marketing (Q2); Strategy and Management (Q2)";Business, Management and Accounting
89;22844;International Review of Retail, Distribution and Consumer Research;journal;09593969, 14664402;0,693;Q2;46;44;85;2914;340;82;4,29;66,23;United Kingdom;Western Europe;Routledge;1990-2022;"Business and International Management (Q2); Economics and Econometrics (Q2); Marketing (Q2)";"Business, Management and Accounting; Economics, Econometrics and Finance"
90;12100154706;Baltic Journal of Management;journal;17465265;0,661;Q2;33;45;120;2984;404;118;3,46;66,31;United Kingdom;Western Europe;Emerald Group Publishing Ltd.;2006-2022;"Business and International Management (Q2); Management of Technology and Innovation (Q2); Marketing (Q2); Organizational Behavior and Human Resource Management (Q2); Strategy and Management (Q2)";Business, Management and Accounting
91;21100236016;Journal of Islamic Marketing;journal;17590833, 17590841;0,653;Q2;49;213;270;18243;1490;269;5,45;85,65;United Kingdom;Western Europe;Emerald Group Publishing Ltd.;2010-2022;Marketing (Q2);Business, Management and Accounting
92;21100242210;Journal of Social Marketing;journal;20426763, 20426771;0,642;Q2;30;32;85;2489;284;81;2,71;77,78;United Kingdom;Western Europe;Emerald Group Publishing Ltd.;2011-2022;"Management of Technology and Innovation (Q2); Marketing (Q2)";Business, Management and Accounting
93;19200157038;International Journal of Sports Marketing and Sponsorship;journal;14646668;0,621;Q2;29;58;120;4238;431;120;3,02;73,07;United Kingdom;Western Europe;Emerald Group Publishing Ltd.;2007-2022;"Business and International Management (Q2); Finance (Q2); Marketing (Q2); Sports Science (Q3)";"Business, Management and Accounting; Economics, Econometrics and Finance; Health Professions"
94;4700152279;Journal of Marketing for Higher Education;journal;15407144, 08841241;0,619;Q2;42;56;82;4380;360;82;4,14;78,21;United States;Northern America;Routledge;1988-1991, 1993-2022;"Education (Q2); Marketing (Q2)";"Business, Management and Accounting; Social Sciences"
95;21385;Canadian Journal of Administrative Sciences;journal;19364490, 08250383;0,602;Q2;55;48;116;3475;296;115;2,65;72,4;United States;Northern America;Wiley-Blackwell;1984-1990, 1996-2022;"Business and International Management (Q2); Management of Technology and Innovation (Q2); Marketing (Q2); Public Administration (Q2)";"Business, Management and Accounting; Social Sciences"
96;17600155397;International Journal of Design;journal;1994036X, 19913761;0,597;Q2;48;20;58;1506;159;56;2,33;75,3;Taiwan;Asiatic Region;National Taiwan University of Science and Technology;2007-2022;"Visual Arts and Performing Arts (Q1); Computer Graphics and Computer-Aided Design (Q2); Computer Science Applications (Q2); Industrial and Manufacturing Engineering (Q2); Marketing (Q2); Strategy and Management (Q2)";"Arts and Humanities; Business, Management and Accounting; Computer Science; Engineering"
97;4700152786;Journal of Political Marketing;journal;15377857, 15377865;0,595;Q2;29;22;76;1173;106;70;1,44;53,32;United States;Northern America;Routledge;2002-2022;"Sociology and Political Science (Q1); Marketing (Q2)";"Business, Management and Accounting; Social Sciences"
98;21100794012;Public Relations Inquiry;journal;20461488, 2046147X;0,582;Q2;16;22;57;1600;136;49;2,18;72,73;United States;Northern America;SAGE Publications Inc.;2014-2022;"Communication (Q1); Linguistics and Language (Q1); Marketing (Q2); Organizational Behavior and Human Resource Management (Q2); Strategy and Management (Q2)";"Business, Management and Accounting; Social Sciences"
99;144655;Qualitative Market Research;journal;13522752;0,579;Q2;63;42;126;2921;343;118;2,19;69,55;United Kingdom;Western Europe;Emerald Group Publishing Ltd.;1998-2022;Marketing (Q2);Business, Management and Accounting
100;21100904410;South Asian Journal of Business Studies;journal;2398628X, 23986298;0,543;Q2;19;44;83;3714;324;78;3,25;84,41;United Kingdom;Western Europe;Emerald Group Publishing Ltd.;2017-2022;"Cultural Studies (Q1); Economics, Econometrics and Finance (miscellaneous) (Q1); Business and International Management (Q2); Geography, Planning and Development (Q2); Marketing (Q2); Strategy and Management (Q2)";"Business, Management and Accounting; Economics, Econometrics and Finance; Social Sciences"
101;21100855822;Cogent Business and Management;journal;23311975;0,524;Q2;32;410;616;28811;2299;615;3,76;70,27;United Kingdom;Western Europe;Cogent OA;2014-2022;"Accounting (Q2); Business and International Management (Q2); Business, Management and Accounting (miscellaneous) (Q2); Marketing (Q2); Organizational Behavior and Human Resource Management (Q2); Strategy and Management (Q2); Management Science and Operations Research (Q3)";"Business, Management and Accounting; Decision Sciences"
102;4700152803;Journal of Business-to-Business Marketing;journal;15470628, 1051712X;0,519;Q2;34;22;71;1900;189;70;1,35;86,36;United States;Northern America;Routledge;1992-2022;"Management Information Systems (Q2); Marketing (Q2)";Business, Management and Accounting
103;21100446515;Sport, Business and Management: An International Journal;journal;20426798, 2042678X;0,505;Q2;23;47;94;3208;228;90;2,24;68,26;United Kingdom;Western Europe;Emerald Group Publishing Ltd.;2011-2022;"Business and International Management (Q2); Marketing (Q2); Strategy and Management (Q2); Tourism, Leisure and Hospitality Management (Q2)";Business, Management and Accounting
104;21100899438;Communication Research and Practice;journal;22063374;0,502;Q2;13;31;81;1442;138;67;1,08;46,52;United Kingdom;Western Europe;Taylor and Francis Ltd.;2016, 2018-2022;"Political Science and International Relations (Q1); Communication (Q2); Computer Networks and Communications (Q2); Marketing (Q2); Human-Computer Interaction (Q3)";"Business, Management and Accounting; Computer Science; Social Sciences"
105;21100242603;Journal of Place Management and Development;journal;17538343, 17538335;0,471;Q2;34;32;89;2400;208;85;2,12;75;United Kingdom;Western Europe;Emerald Group Publishing Ltd.;2008-2022;"Business and International Management (Q2); Geography, Planning and Development (Q2); Marketing (Q2); Strategy and Management (Q2); Tourism, Leisure and Hospitality Management (Q2); Urban Studies (Q2)";"Business, Management and Accounting; Social Sciences"
106;17700156768;Place Branding and Public Diplomacy;journal;17518040, 17518059;0,467;Q3;31;68;97;3074;205;91;1,52;45,21;United Kingdom;Western Europe;Palgrave Macmillan Ltd.;2008-2022;"Strategy and Management (Q2); Marketing (Q3)";Business, Management and Accounting
107;20607;Journal of Food Products Marketing;journal;15404102, 10454446;0,466;Q3;34;20;106;1490;344;106;3,31;74,5;United States;Northern America;Routledge;1992-2022;"Business and International Management (Q2); Food Science (Q2); Marketing (Q3)";"Agricultural and Biological Sciences; Business, Management and Accounting"
108;21100838559;Fashion and Textiles;journal;21980802;0,46;Q3;25;46;111;2265;362;110;2,79;49,24;Singapore;Asiatic Region;Springer Singapore;2014-2022;"Cultural Studies (Q1); Materials Science (miscellaneous) (Q2); Strategy and Management (Q2); Marketing (Q3); Social Psychology (Q3)";"Business, Management and Accounting; Materials Science; Psychology; Social Sciences"
109;18000156701;International Journal of Pharmaceutical and Healthcare Marketing;journal;17506123;0,46;Q3;28;32;95;2226;214;94;1,97;69,56;United Kingdom;Western Europe;Emerald Group Publishing Ltd.;2007-2022;"Health Policy (Q3); Marketing (Q3)";"Business, Management and Accounting; Medicine"
110;17700156753;Journal of Financial Services Marketing;journal;14791846, 13630539;0,457;Q3;25;81;41;6510;197;40;5,12;80,37;United Kingdom;Western Europe;Palgrave Macmillan Ltd.;2004, 2009-2022;"Finance (Q2); Marketing (Q3)";"Business, Management and Accounting; Economics, Econometrics and Finance"
111;21101023216;Foreign Trade Review;journal;00157325, 09717633;0,451;Q3;10;37;76;1476;125;64;1,55;39,89;India;Asiatic Region;Sage Publications India Pvt. Ltd;1966-2022;"Business and International Management (Q2); Economics, Econometrics and Finance (miscellaneous) (Q2); Marketing (Q3)";"Business, Management and Accounting; Economics, Econometrics and Finance"
112;21101061456;Journal of Tourism, Heritage and Services Marketing;journal;25291947;0,434;Q3;6;2;31;98;61;26;2,5;49;Greece;Western Europe;International Hellenic University;2021-2022;"Geography, Planning and Development (Q2); Marketing (Q3); Tourism, Leisure and Hospitality Management (Q3)";"Business, Management and Accounting; Social Sciences"
113;21100262412;Journal of Research in Marketing and Entrepreneurship;journal;14715201;0,424;Q3;27;29;41;2784;115;41;2,13;96;United Kingdom;Western Europe;Emerald Group Publishing Ltd.;1999-2007, 2009-2022;"Business and International Management (Q2); Marketing (Q3); Strategy and Management (Q3)";Business, Management and Accounting
114;13088;International Journal of Applied Ceramic Technology;journal;1546542X, 17447402;0,419;Q3;66;353;758;13997;1886;755;2,49;39,65;United States;Northern America;Wiley-Blackwell;2004-2022;"Materials Chemistry (Q2); Ceramics and Composites (Q3); Condensed Matter Physics (Q3); Marketing (Q3)";"Business, Management and Accounting; Materials Science; Physics and Astronomy"
115;40720;Journal of International Food and Agribusiness Marketing;journal;08974438, 15286983;0,408;Q3;28;57;83;3568;207;82;2,29;62,6;United States;Northern America;Routledge;1989-2022;"Business and International Management (Q2); Food Science (Q2); Marketing (Q3)";"Agricultural and Biological Sciences; Business, Management and Accounting"
116;21101071063;Revista de Gestao;journal;18092276, 21778736;0,396;Q3;13;46;72;2254;155;67;1,67;49;United Kingdom;Western Europe;Emerald Group Publishing Ltd.;2018-2022;"Business and International Management (Q2); Management Information Systems (Q2); Management of Technology and Innovation (Q3); Marketing (Q3)";Business, Management and Accounting
117;13691;Journal of Vinyl and Additive Technology;journal;15480585, 10835601;0,389;Q3;40;82;214;4089;578;212;2,88;49,87;United Kingdom;Western Europe;John Wiley and Sons Ltd;1984-1989, 1992-2022;"Chemical Engineering (miscellaneous) (Q2); Chemistry (miscellaneous) (Q2); Polymers and Plastics (Q2); Marketing (Q3); Materials Chemistry (Q3)";"Business, Management and Accounting; Chemical Engineering; Chemistry; Materials Science"
118;5700161163;Organizacija;journal;13185454;0,376;Q3;14;21;64;1278;159;64;2,24;60,86;Slovenia;Eastern Europe;Fakulteta za Organizacijske Vede, Univerza v Mariboru;2016-2022;"Business and International Management (Q2); Management Information Systems (Q2); Marketing (Q3); Organizational Behavior and Human Resource Management (Q3); Strategy and Management (Q3); Tourism, Leisure and Hospitality Management (Q3)";Business, Management and Accounting
119;17500155141;International Review on Public and Nonprofit Marketing;journal;18651992, 18651984;0,366;Q3;22;56;70;4243;158;70;2,29;75,77;Germany;Western Europe;Springer Verlag;2001, 2009-2022;"Economics and Econometrics (Q3); Marketing (Q3)";"Business, Management and Accounting; Economics, Econometrics and Finance"
120;21101041707;Journal of Creating Value;journal;23949643, 2454213X;0,356;Q3;12;25;69;767;102;50;1,1;30,68;United States;Northern America;SAGE Publications Inc.;2015-2022;"Business and International Management (Q3); Business, Management and Accounting (miscellaneous) (Q3); Marketing (Q3)";Business, Management and Accounting
121;4700152754;Journal of Nonprofit and Public Sector Marketing;journal;15406997, 10495142;0,346;Q3;37;41;80;3282;149;79;1,84;80,05;United States;Northern America;Routledge;1993-2022;Marketing (Q3);Business, Management and Accounting
122;21100902638;Contemporary Management Research;journal;18135498;0,345;Q3;7;3;31;235;60;31;2,18;78,33;Taiwan;Asiatic Region;Academy of Taiwan Information Systems Research;2018-2021;"Economics and Econometrics (Q3); Management Information Systems (Q3); Management, Monitoring, Policy and Law (Q3); Management of Technology and Innovation (Q3); Marketing (Q3); Strategy and Management (Q3)";"Business, Management and Accounting; Economics, Econometrics and Finance; Environmental Science"
123;21101040211;Forum Scientiae Oeconomia;journal;23534435, 23005947;0,326;Q3;12;39;79;2496;167;79;2,53;64;Poland;Eastern Europe;WSB University;2017-2022;"Business and International Management (Q3); Economics and Econometrics (Q3); Marketing (Q3); Strategy and Management (Q3)";"Business, Management and Accounting; Economics, Econometrics and Finance"
124;21100945715;Journal of International Logistics and Trade;journal;25087592, 17382122;0,321;Q3;6;10;47;579;64;45;1,63;57,9;South Korea;Asiatic Region;Jungseok Research Institute of International Logistics and Trade;2018-2022;"Economics and Econometrics (Q3); Management Information Systems (Q3); Management Science and Operations Research (Q3); Marketing (Q3); Transportation (Q3)";"Business, Management and Accounting; Decision Sciences; Economics, Econometrics and Finance; Social Sciences"
125;6200180168;International Journal of Electronic Marketing and Retailing;journal;17411025, 17411033;0,32;Q3;14;30;64;2203;120;63;1,62;73,43;United Kingdom;Western Europe;Inderscience Enterprises Ltd;2006-2022;"Business and International Management (Q3); Management Information Systems (Q3); Marketing (Q3)";Business, Management and Accounting
126;7100153137;Transformations in Business and Economics;journal;16484460;0,313;Q3;26;102;296;5160;441;281;1,44;50,59;Lithuania;Eastern Europe;Vilnius University Press;2006-2022;"Political Science and International Relations (Q2); Social Sciences (miscellaneous) (Q2); Business and International Management (Q3); Economics and Econometrics (Q3); Marketing (Q3)";"Business, Management and Accounting; Economics, Econometrics and Finance; Social Sciences"
127;21101045047;Journal of Philanthropy and Marketing;journal;26911361;0,311;Q3;19;41;88;2795;123;86;1,15;68,17;United States;Northern America;John Wiley and Sons Inc.;2021-2022;"Economics and Econometrics (Q3); Marketing (Q3); Strategy and Management (Q3)";"Business, Management and Accounting; Economics, Econometrics and Finance"
128;21101023274;Finance;journal;21010145, 07526180;0,31;Q3;2;4;29;230;14;28;0,41;57,5;France;Western Europe;Presses Universitaires de Grenoble;2019-2021;"Accounting (Q3); Economics and Econometrics (Q3); Finance (Q3); Marketing (Q3)";"Business, Management and Accounting; Economics, Econometrics and Finance"
129;5200152620;Event Management;journal;15259951;0,309;Q3;40;113;161;7634;259;159;1,57;67,56;United States;Northern America;Cognizant Communication Corporation;2006-2022;"Business and International Management (Q3); Marketing (Q3); Tourism, Leisure and Hospitality Management (Q3)";Business, Management and Accounting
130;21100782865;Real Estate Management and Valuation;journal;23005289;0,306;Q3;12;32;106;1340;125;106;1,14;41,88;Poland;Eastern Europe;De Gruyter Open Ltd.;2014-2022;"Economics and Econometrics (Q3); Finance (Q3); Marketing (Q3); Strategy and Management (Q3)";"Business, Management and Accounting; Economics, Econometrics and Finance"
131;18300156733;Foundations and Trends in Marketing;journal;15550761, 15550753;0,303;Q3;16;6;9;789;23;9;2,8;131,5;United States;Northern America;Now Publishers Inc;2006-2007, 2009-2022;"Economics and Econometrics (Q3); Marketing (Q3)";"Business, Management and Accounting; Economics, Econometrics and Finance"
132;5700153460;Publishing Research Quarterly;journal;19364792, 10538801;0,302;Q3;19;52;140;1364;146;140;1,02;26,23;United States;Northern America;Springer US;1991-2022;"Communication (Q2); Media Technology (Q2); Business and International Management (Q3); Computer Science Applications (Q3); Management of Technology and Innovation (Q3); Marketing (Q3)";"Business, Management and Accounting; Computer Science; Engineering; Social Sciences"
133;21100788292;Recherche et Applications en Marketing;journal;20515707;0,295;Q3;12;2;113;144;112;101;0,58;72;United States;Northern America;SAGE Publications Inc.;2014-2022;Marketing (Q3);Business, Management and Accounting
134;21100893575;Asian Journal of Business Research;journal;24634522, 17788933;0,291;Q3;8;22;64;1566;132;61;1,69;71,18;New Zealand;Pacific Region;;2018-2022;"Political Science and International Relations (Q2); Sociology and Political Science (Q2); Business and International Management (Q3); Marketing (Q3); Strategy and Management (Q3)";"Business, Management and Accounting; Social Sciences"
135;19300156920;International Journal of Sport Finance;journal;15586235, 1930076X;0,285;Q3;28;0;44;0;51;44;0,96;0;United States;Northern America;Fitness Information Technology;2008-2021;"Business and International Management (Q3); Finance (Q3); Marketing (Q3); Sports Science (Q4)";"Business, Management and Accounting; Economics, Econometrics and Finance; Health Professions"
136;130090;Journal of Electronic Commerce in Organizations;journal;15392937;0,281;Q3;25;6;65;376;123;65;2,27;62,67;United States;Northern America;IGI Publishing;2005-2022;"Computer Networks and Communications (Q3); Computer Science Applications (Q3); Marketing (Q3); Strategy and Management (Q3)";"Business, Management and Accounting; Computer Science"
137;4700152802;Journal of Business and Finance Librarianship;journal;15470644, 08963568;0,276;Q3;19;22;51;491;48;51;1,1;22,32;United States;Northern America;Routledge;1990-1992, 1994, 1996-2022;"Library and Information Sciences (Q2); Management Information Systems (Q3); Marketing (Q3); E-learning (Q4)";"Business, Management and Accounting; Social Sciences"
138;21100822827;Communication Today;journal;1338130X;0,266;Q3;8;13;72;420;52;70;0,61;32,31;Slovakia;Eastern Europe;University of SS. Cyril and Methodius, Faculty of Mass Media Communication;2017-2022;"Communication (Q2); Marketing (Q3)";"Business, Management and Accounting; Social Sciences"
139;21300;Health Marketing Quarterly;journal;15450864, 07359683;0,266;Q3;30;38;72;1744;90;71;1,06;45,89;United States;Northern America;Routledge;1983-2022;"Health Professions (miscellaneous) (Q3); Marketing (Q3)";"Business, Management and Accounting; Health Professions"
140;21100403907;Journal of Historical Research in Marketing;journal;17557518, 1755750X;0,264;Q3;19;24;57;1507;31;53;0,58;62,79;United Kingdom;Western Europe;Emerald Group Publishing Ltd.;2009-2022;Marketing (Q3);Business, Management and Accounting
141;21101089124;Retos(Ecuador);journal;13906291, 13908618;0,259;Q3;6;20;40;1265;56;40;0,86;63,25;Ecuador;Latin America;Universidad Politecnica Salesiana;2022;"Business and International Management (Q3); Economics and Econometrics (Q3); Management of Technology and Innovation (Q3); Marketing (Q3); Public Administration (Q3); Strategy and Management (Q3)";"Business, Management and Accounting; Economics, Econometrics and Finance; Social Sciences"
142;21100899296;Innovative Marketing;journal;18142427, 18166326;0,251;Q3;19;70;136;3879;228;136;1,68;55,41;Ukraine;Eastern Europe;LLC CPC Business Perspectives;2005-2022;"Economics, Econometrics and Finance (miscellaneous) (Q3); Management of Technology and Innovation (Q3); Marketing (Q3)";"Business, Management and Accounting; Economics, Econometrics and Finance"
143;4000151815;International Journal of Internet Marketing and Advertising;journal;14775212, 17418100;0,251;Q3;23;29;73;2233;98;71;1,15;77;United Kingdom;Western Europe;Inderscience Enterprises Ltd.;2004-2022;Marketing (Q3);Business, Management and Accounting
144;21101045319;Iranian journal of Management Studies;journal;20087055, 23453745;0,25;Q3;7;49;71;3240;109;70;1,54;66,12;Iran;Middle East;University of Tehran, College of Farabi;2020-2022;"Business and International Management (Q3); Business, Management and Accounting (miscellaneous) (Q3); Marketing (Q3); Strategy and Management (Q3)";Business, Management and Accounting
145;21100855999;Journal of Eastern European and Central Asian Research;journal;23288280, 23288272;0,247;Q3;9;92;113;3538;160;109;1,63;38,46;United States;Northern America;Institute of Eastern Europe and Central Asia;2014-2022;"Business and International Management (Q3); Economics and Econometrics (Q3); Finance (Q3); Marketing (Q3); Organizational Behavior and Human Resource Management (Q3); Strategy and Management (Q3)";"Business, Management and Accounting; Economics, Econometrics and Finance"
146;21100894552;Journal of Advertising Education;journal;10980482, 25161873;0,245;Q3;6;14;46;343;27;35;0,54;24,5;United States;Northern America;SAGE Publications Ltd;2015-2022;"Communication (Q3); Education (Q3); Marketing (Q3)";"Business, Management and Accounting; Social Sciences"
147;21100212700;RAE Revista de Administracao de Empresas;journal;2178938X, 00347590;0,244;Q3;20;62;127;3291;121;115;0,81;53,08;Brazil;Latin America;Fundacao Getulio Vargas, Escola de Administracao de Empresas de Sao Paulo;2007-2022;"Business and International Management (Q3); Business, Management and Accounting (miscellaneous) (Q3); Development (Q3); Education (Q3); Industrial Relations (Q3); Information Systems and Management (Q3); Management of Technology and Innovation (Q3); Marketing (Q3); Organizational Behavior and Human Resource Management (Q3); Public Administration (Q3); Strategy and Management (Q3); Management Science and Operations Research (Q4)";"Business, Management and Accounting; Decision Sciences; Social Sciences"
148;21100241711;Indian Journal of Marketing;journal;9738703;0,243;Q3;12;45;118;2127;171;117;1,65;47,27;India;Asiatic Region;Associated Management Consultants Private Limited;2010-2022;Marketing (Q3);Business, Management and Accounting
149;26283;Revista Galega de Economia;journal;11322799, 22555951;0,241;Q3;9;17;89;878;49;85;0,56;51,65;Spain;Western Europe;Universidad de Santiago de Compostela;2001, 2003-2022;"Business, Management and Accounting (miscellaneous) (Q3); Demography (Q3); Development (Q3); Economics and Econometrics (Q3); Finance (Q3); Marketing (Q3); Organizational Behavior and Human Resource Management (Q3)";"Business, Management and Accounting; Economics, Econometrics and Finance; Social Sciences"
150;21101058047;BioProducts Business;journal;23781394;0,239;Q3;4;2;19;157;17;19;1;78,5;United States;Northern America;Society of Wood Science and Technology;2021-2022;"Forestry (Q3); Management of Technology and Innovation (Q3); Marketing (Q3); Strategy and Management (Q3)";"Agricultural and Biological Sciences; Business, Management and Accounting"
151;23201;Food Science and Technology Research;journal;13446606;0,235;Q3;49;54;295;1779;291;295;0,65;32,94;Switzerland;Western Europe;Japanese Society for Food Science and Technology;1999-2022;"Biotechnology (Q3); Chemical Engineering (miscellaneous) (Q3); Food Science (Q3); Industrial and Manufacturing Engineering (Q3); Marketing (Q3)";"Agricultural and Biological Sciences; Biochemistry, Genetics and Molecular Biology; Business, Management and Accounting; Chemical Engineering; Engineering"
152;21100836592;International Journal of Technology Marketing;journal;17418798, 1741878X;0,234;Q3;15;27;55;1625;61;55;0,8;60,19;Switzerland;Western Europe;Inderscience Publishers;2005-2022;"Marketing (Q3); Computer Science Applications (Q4)";"Business, Management and Accounting; Computer Science"
153;21100857397;International Journal of E-Services and Mobile Applications;journal;1941627X, 19416288;0,232;Q3;11;26;62;2005;91;62;1,26;77,12;United States;Northern America;IGI Global Publishing;2017-2022;"Computer Networks and Communications (Q3); Management Information Systems (Q3); Marketing (Q3); Strategy and Management (Q3); Computer Science Applications (Q4)";"Business, Management and Accounting; Computer Science"
154;21100920052;International Journal of Business and Emerging Markets;journal;17536227, 17536219;0,228;Q3;6;21;64;1453;56;64;0,84;69,19;United Kingdom;Western Europe;Inderscience Enterprises Ltd.;2019-2022;"Business and International Management (Q3); Economics and Econometrics (Q3); Marketing (Q3); Strategy and Management (Q4)";"Business, Management and Accounting; Economics, Econometrics and Finance"
155;21100407655;Banks and Bank Systems;journal;19917074, 18167403;0,226;Q3;19;69;217;2966;266;217;1,31;42,99;Ukraine;Eastern Europe;Business Perspectives;2006-2022;"Law (Q2); Business, Management and Accounting (miscellaneous) (Q3); Economics, Econometrics and Finance (miscellaneous) (Q3); Finance (Q3); Management of Technology and Innovation (Q3); Marketing (Q3); Organizational Behavior and Human Resource Management (Q3)";"Business, Management and Accounting; Economics, Econometrics and Finance; Social Sciences"
157;4700153009;International Journal of Sport Management and Marketing;journal;14758962, 17402808;0,218;Q3;29;20;65;1433;56;65;0,6;71,65;United Kingdom;Western Europe;Inderscience Enterprises Ltd.;2005-2022;"Business and International Management (Q3); Marketing (Q3); Management Science and Operations Research (Q4); Sports Science (Q4); Strategy and Management (Q4)";"Business, Management and Accounting; Decision Sciences; Health Professions"
